pct_suspended,pct_incarcerated
0.091887858,0.006636804
0.038432629,0.008244495
0.160500399,0.010650536
0.077382731,0.006199173
0.062793177,0.00444267
0.015159435,0.008910797
0.102638353,0.010848223
0.07546751,0.007747978
0.106492293,0.010081472
0.060399292,0.009533328
0.013487226,0.008614962
0.164464993,0.006942371
0.102308627,0.014611036
0.002555366,0.014098165
0.10236822,0.010783921
0.046622168,0.007108022
0.060792518,0.00711561
0.221840659,0.006275178
0.05666004,0.012263396
0.068928129,0.016899844
0.077502214,0.007221781
0.044676743,0.009141731
0.104287883,0.005345767
0.072544972,0.009718682
0.063334162,0.002679642
0.073889093,0.005909006
0.131776034,0.011542636
0.049183956,0.014817311
0.089956332,0.00855971
0.037958533,0.006126206
0.100848727,0.007232799
0.039348711,0.004913163
0.04660701,0.004853095
0.206098032,0.008756567
0.130427917,0.01653076
0.028119063,0.003949134
0.035691743,0.008437486
0.003844511,0.008022519
0.084443076,0.006289919
0.117919075,0.007937453
0.098640737,0.006949718
0.111508951,0.004690558
0.11023622,0.013276412
0.043843284,0.007991609
0.066251872,0.007301377
0.099895942,0.008157175
0.015082092,0.010125745
0.066097087,0.003876298
0.066119847,0.01120482
0.134093377,0.006628788
0.064278222,0.011521233
0.082569665,0.010461021
0.100543478,0.004790897
0.056603774,0.013988188
0.089463692,0.010011024
0.066815698,0.009669121
0.167899829,0.015476211
0.065438569,0.007102256
0.078277812,0.004413993
0,0.006205144
0.162370079,0.011031081
0.108343086,0.011750079
0.068251427,0.008104527
0.02995967,0.009946919
0.034542917,0.007004974
0.006783493,0.007533632
0.006281407,0.009345408
0.16615802,0.004534301
0.089059581,0.005262911
0.060455378,0.002440453
0.050036586,0.00175595
0.060554804,0.002492963
0.20994832,0.001348921
0.213166144,0.003851338
0.075984003,0.002304562
0.171604938,0.000793161
0.094870988,0.002259236
0.089912629,0.004650862
0.064685315,0.003120368
0.115248645,0.000469759
0.171528384,0.003051924
0.039877301,0.002562764
0.131679598,0.002492292
0.080284646,0.001427089
0.118879085,0.005306549
0.097546198,0.003312204
0.100778066,0.001921691
0.123681687,0.001472793
0.099485965,0.001553369
0.037162162,0.002067039
0.052352317,0.001150275
0.083623693,0.002048614
0.134926875,0.004380371
0.169713439,0.00375478
0.126686017,0.00468123
0.118100128,0.000268609
0.093480935,0.003614902
0.0514594,0.002714883
0.006559767,0.003358209
0.077382433,0.003835307
0.150751547,0.004578817
0.074815064,0.00212347
0.053754081,0.001231672
0.088274045,0.001398322
0.12338594,0.001962169
0.056137339,0.001135796
0.068632327,2.83E-05
0.085822069,0.00018246
0.028430982,0.006006075
0.166866315,0.003849942
0.151668779,0.001040312
0.170750383,0.000864958
0.216773276,0.001139731
0,0.000372486
0.256469679,0.005412774
0.088405797,0.003872592
0.187388988,0.003424155
0,0.002160216
0.175983437,0.003516465
0.14648157,0.002064491
0.050953423,0.002622238
0.072950614,0.002626239
0.130138003,0.003127333
0.085923218,0.001929078
0.084328071,0.002582663
0.041216879,0.001615523
0.112434956,0.003029898
0.132124352,0.001449042
0.140345369,0.004212549
0.057297062,0.002700383
0.09507722,0.003122173
0.207667732,0.002844546
0.041245136,0.001101979
0.035665412,0.00297405
0.038127166,0.00724492
0.0218305,0.006969688
0.131061599,0.010418633
0.034866469,0.010716481
0.049342105,0.009559154
0.102347057,0.011865814
0.051048958,0.008697287
0.078470227,0.009757371
0.069810788,0.008461201
0.027302532,0.007817974
0.033782545,0.008205424
0.045859351,0.004717686
0.057184185,0.011188246
0.023619381,0.007606164
0.006331745,0.004551037
0,0
0.023213354,0.00619626
0.024280025,0.007277876
0.043263532,0.003805942
0.020757021,0.006796025
0.010948412,0.00306306
0.01804553,0.007473949
0.008472002,0.00427821
0.013601238,0.007937831
0.018675722,0.007751382
0.015179257,0.005511588
0.032235371,0.004986828
0.023319616,0.006094575
0.02114515,0.007380667
0.00916997,0.010811349
0.006375027,0.010633466
0.024390244,0.007344017
0.005012451,0.006459782
0.014905544,0.00669218
0.012792793,0.002144049
0.010820046,0.005443322
0.024937844,0.006849158
0.004869373,0.006832577
0.099352052,0.005571335
0.015189873,0.003715082
0.005720941,0.006153386
0.017121844,0.003864893
0.018482616,0.003541105
0.009326604,0.004431456
0.01196232,0.003690319
0.024634334,0.005079634
0.012088447,0.006015957
0.014819729,0.007184095
0.012098895,0.004009064
0.01955493,0.007714455
0.009649979,0.004712233
0.000716143,0.002838566
0.039527705,0.00627214
0.00680966,0.005076584
0.008971514,0.0031159
0.006906504,0.005126382
0.007894556,0.004470492
0.006280572,0.00415004
0.015205921,0.008798229
0.035309422,0.006200767
0.017311674,0.004625528
0.010028962,0.004113073
0.015090949,0.005674529
0.024725741,0.006462377
0.036760275,0.009107381
0.013465627,0.006705409
0.018853189,0.008733355
0.011035498,0.007441964
0.00957678,0.004097956
0.013697026,0.006000484
0.013329848,0.010839405
0.031751259,0.006306231
0.182646737,0.01191358
0.010015737,0.005098552
0.00239521,0.004178615
0.0304,0.001915185
0.011363636,0.00976801
0.025679125,0.003715912
0.01920966,0.002031133
0.014343344,0.006268055
0,0.002140182
0.049614112,0.008992007
0.045801527,0.007355021
0.015564202,0.003006954
0.065420561,0.003048066
0.030689518,0.002671416
0.039797971,0.009400524
0.034965035,0
0.007482302,0.002098423
0.011141199,0.002467495
0.018664614,0.00229504
0.04997716,0.007993027
0.077101002,0.009446606
0.076710996,0.003638729
0.024282561,0.014673913
0.038080731,0.003497482
0.021047479,0.002700294
0,0.000934324
0.051612903,0.006816421
0.116751269,0.002991773
0.016949153,0.003258491
0.09339207,0.005829487
0.035315985,0.002754442
0.024348569,0.004892468
0.023153681,0.003900475
0.110747664,0.005772307
0,0.018027962
0.019192774,0.009231685
0.036404955,0.010173175
0.023809524,0.00238974
0.059252507,0.008921083
0.015674749,0.006618367
0.05061082,0.004200066
0.047564028,0.006780503
0.007315289,0.005790357
0.014519056,0.002391967
0.006441224,0.008349827
0.026128266,0.00546804
0.02280285,0.007011936
0.04199158,0.010281244
0.012954966,0.00349079
0.03806016,0.00533151
0.006682259,0.002291145
0.070224719,0.004974326
0,0.002136247
0.006342495,0.002763885
0,0.003426124
0.032823995,0.002931426
0.015219647,0.006123935
0.043668122,0.040480708
0.033013317,0.006834591
0.025322326,0
0.042763385,0
0.03078034,0
0.022947098,0
0.051734786,0
0.036778789,0
0.028903636,0
0.064888889,0
0.007749872,0.00354707
0.062493697,0
0.053274367,0
0.071692795,0
0,0.010359947
0.102020404,0.019722222
0.09111822,0.015822386
0.107663667,0.014660897
0.043001594,0.008201484
0.050994056,0.006804447
0.083486239,0.013513514
0.067984091,0.008942547
0.124624036,0.011111511
0.080759901,0.007377321
0.062504071,0.005744028
0.089464391,0.013540168
0.089730397,0.012571757
0.048181389,0.012624378
0.09847833,0.012676589
0.080471629,0.01422904
0.059771711,0.004724677
0.16251944,0.013976908
0.062360419,0.015497819
0.093183466,0.006448178
0.146794488,0.034629644
0.079122001,0.009003337
0.136727689,0.007531381
0.015963512,0.010481566
0.072262368,0.010935473
0.106091348,0.007852348
0.142396388,0.01113479
0.069739434,0.007865137
0.058167571,0.013164609
0.050061118,0.008242803
0.002911208,0.012521739
0.063354037,0.01133723
0.0328,0.005782969
0.041565655,0.007321205
0.070345764,0.006513928
0.002753516,0.012392708
0.113228289,0.011333959
0.066758431,0.01388224
0.149112873,0.010129552
0.088045635,0.007710835
0.093821564,0.012920775
0.021627352,0.01091794
0.027212651,0.004977431
0.027879504,0.013067418
0.060088496,0.007699245
0.070285019,0.008161465
0.085135599,0.018444855
0.056597643,0.006968315
0.063848145,0.007536657
0.033792884,0.004719633
0.037008721,0.007702482
0.079830504,0.009561845
0.048143257,0.010684114
0.064220183,0.015532156
0.034084326,0.006415918
0.050632911,0.01088874
0.046570099,0.008275101
0.034813516,0.006423758
0.039879452,0.005387368
0.098032326,0.004890501
0.094119607,0.013469481
0.189234936,0.015438443
0.146393513,0.006133351
0.077640638,0.008716402
0.108784177,0.011193548
0.067979741,0.010476689
0.091356506,0.011876097
0.063434903,0.009187279
0.069208211,0.008207604
0.084761464,0.014100848
0.061728395,0.005669949
0.175223983,0.011090413
0.036723164,0.005974567
0.077139473,0.007950196
0.086054552,0.012577185
0.140039448,0.020538276
0.101629914,0.007712082
0.112462849,0.012768345
0.050803138,0.009654631
0.052390495,0.008444371
0.132181224,0.00951165
0.045200956,0.004025667
0.081624758,0.010963783
0.163050625,0.015507951
0.179953784,0.010817567
0.163580247,0.008486134
0.100150765,0.006185206
0.083523505,0.013947129
0.084772583,0.011380232
0.049657691,0.008624126
0.118165785,0.004724889
0.062813813,0.012803862
0.147191011,0.002776417
0.030421756,0.012178566
0.060586256,0.005220792
0.070684014,0.008324112
0.323529412,0.01003186
0.07462494,0.012906836
0.099800399,0.00900369
0.074750216,0.006498875
0.11325332,0.01043188
0.084214893,0.014248033
0.087433994,0.005099308
0.177717227,0.012185834
0.050258815,0.008146862
0.180771445,0.00247782
0.188330171,0.018313604
0.065277778,0.008482822
0.070895522,0.011328573
0.093234174,0.022257088
0.060539365,0.008098188
0.103681885,0.011385908
0.281888654,0.009466797
0.064724085,0.019584957
0.12171268,0.014578009
0.139081456,0.012908125
0.097005988,0.008105499
0.092159676,0.008450135
0.072101332,0.009748589
0.104731282,0.012194583
0.058355438,0.010827318
0.090077887,0.006674222
0.062564914,0.005659906
0.061688312,0.021152824
0.02396334,0.002987581
0.006868132,0.010137434
0.035836409,0.008351561
0.04686764,0.007660434
0.136206897,0.001963351
0.127833182,0.010772587
0.078514255,0.012943939
0.107429066,0.01018176
0.076108278,0.011177988
0.066049876,0.005826141
0.064993472,0.005091885
0.077341647,0.010323133
0.02020202,0.008819917
0.060016906,0.009281807
0.086089045,0.009033923
0.075938567,0.00784837
0.098771499,0.008736268
0.11553347,0.005759755
0.144208775,0.008145461
0.113419427,0.089365791
0.053663654,0.008811292
0.057731959,0.007055711
0.105806452,0.011694352
0.033297141,0.025216803
0.114979757,0.008804348
0.091531223,0.00796371
0.048484848,0.012108486
0.202185792,0.008594709
0.108093126,0.004417979
0.092265496,0.010719305
0.086801242,0.004682067
0.168848037,0.00823673
0.055276382,0.011898603
0.201543739,0.005235287
0.084681972,0.010392837
0.072343833,0.007924443
0.124733223,0.013482936
0.199460916,0.011050118
0.173342088,0.006150325
0.058811517,0.007849405
0.166666667,0.005815982
0.057172201,0.012952758
0.262108262,0.008976965
0.04913442,0.01826087
0.107826087,0.013185575
0.085418464,0.003571429
0.09731753,0.013006843
0.061338985,0.006598558
0.082722161,0.01470921
0.11100224,0.011646815
0.037123288,0.002671442
0.133858268,0.00430018
0.11483754,0.003222312
0.15480717,0.005687484
0.065341558,0.00702166
0.09280615,0.007987808
0.126984127,0.00407968
0.073262448,0.009057045
0.182462927,0.007954349
0.118997912,0.010832356
0.120743034,0.008920386
0.095968449,0.00752947
0.146078431,0.010507613
0.127339753,0.015307594
0.09128724,0.009466854
0.103886398,0.004319654
0.200264667,0.018206887
0.252229299,0.014471453
0.124746939,0.019714983
0.060252672,0.012000156
0.080708661,0.022114347
0.318209439,0.01937482
0.254368932,0.007504978
0.042168675,0.015543341
0.11380597,0.011457968
0.045578231,0.014205563
0.037017167,0.006420257
0.126712329,0.012869451
0.126894809,0.013543968
0.102802548,0.013393634
0.156444736,0.016352479
0.097963143,0.006953458
0.092792046,0.017352281
0.11063115,0.020186313
0.089158345,0.013529985
0.170289855,0.008692588
0.056078148,0.006348614
0.143801276,0.011384266
0.070755624,0.009049972
0.118231886,0.011333256
0.092171524,0.019756881
0.250783699,0.011787381
0.175704332,0.010837343
0.084423732,0.011663945
0.014888337,0.014796675
0.059512195,0.005048593
0.057298418,0.006933467
0.04349254,0.009467674
0.113300493,0.007870524
0.105686032,0.01095139
0.173998687,0.008011109
0.169239905,0.008163265
0.009818876,0.001962596
0.015264586,0.00135373
0.035109332,0.005909558
0.026443833,0.002348587
0.026248942,0.004743083
0.030870199,0.00272991
0.026679983,0.001322648
0.037457529,0.00886422
0.027538587,0.001483849
0.014667365,0.00280796
0.036064289,0.003043706
0.021989714,0.003735688
0.017790759,0.002269996
0.018563603,0.001516285
0.015430267,0.001460707
0.025,0.004053357
0.012421007,0.002025178
0.031775921,0.005377827
0.019439868,0.002357299
0.025824964,0.001304206
0.020956316,0.00443483
0.019201396,0.002858533
0.014273356,0.002922662
0.042628595,0.003501575
0.015163934,0.001612439
0.01167992,0.001215895
0.021714714,0.004219891
0.018135808,0.002314533
0.018318966,0.002691713
0.037744277,0.006290087
0.028173575,0.001896184
0.015299418,0.003472802
0.034391534,0.00192913
0.015970516,0.004146341
0.012896825,0.002182725
0.021556886,0.000951837
0.032513181,0.001838235
0.04137492,0.003057436
0.036277603,0.001053229
0.042633823,0.001955671
0.026026605,0.002155753
0.016055046,0.004546239
0.020922385,0.001253744
0.013333333,0.003896104
0.005847953,0.000953794
0.023773006,0.001758742
0.018942982,0.002211438
0.01862631,0.001947719
0.0263337,0.003404325
0.026879462,0.00245588
0.0121384,0.002169663
0.026657061,0.001219036
0.016922263,0.00125774
0.039847393,0.001566171
0.04857337,0.005762298
0.019320136,0.003445326
0.026237329,0.002602329
0.07632312,0.002647939
0.023483871,0.002821719
0.018965517,0.002132472
0.030930931,0.004106226
0.021180556,0.003650409
0.025905797,0.006990443
0.036855037,0.003287046
0.014084507,0.000750258
0.058643861,0.002019813
0.040005791,0.007430528
0.028248588,0.003631444
0.024660912,0.001444159
0.031484258,0.00174216
0.040690506,0.001201004
0.026645004,0.00272917
0.020718773,0.00722294
0.039148936,0.006744963
0.023352166,0.003175287
0.030448718,0.003417772
0.024326258,0.006053354
0.012830794,0.002089743
0.015156507,0.00207571
0.013015184,0.003614665
0.031870771,0.006934656
0.038225806,0.002555546
0.040042429,0.005494211
0.0202977,0.001343957
0.026687598,0.001367694
0.034032898,0.00705514
0,0.002535023
0.020329897,0.002080213
0.003496503,0.006212788
0.018625598,0.002789175
0.011788826,0.000504796
0.064270905,0.001107788
0.008854118,0.00224546
0.002357101,0.002164095
0.021309371,0.002004981
0.034456102,0.001974236
0.013198253,0.003548874
0.015235457,0.001845529
0.003378378,0.001875469
0.025316456,0
0.025645699,0.001925316
0.010752688,0.005144033
0.011127532,0.006525285
0.025,0.001153403
0.00968523,0.002566496
0.065989848,0.000946298
0.030497925,0.003506231
0.00210084,0.000854701
0.047182663,0.002049587
0.003258656,0.000861751
0.016120554,0.001717507
0.007908612,0.001834254
0.033570818,0.002328216
0.015284461,0.000942507
0.004530011,0.001037075
0.05,0.002630195
0.023913043,0
0.008717762,0.001795072
0.018205955,0.002940585
0.004255319,0.002437599
0.047770701,0.003297283
0.016301816,0.002618266
0,0.002841276
0.042016807,0.002602318
0.055772448,0.0017059
0.061144602,0.002120877
0.081081081,0.002819254
0.029447115,0.002822012
0.065004617,0.007388501
0.139872843,0.012833587
0.038916362,0.005599815
0.103185957,0.004759426
0.033957845,0.001311762
0.042450254,0.003166598
0.01641848,0.003389123
0.02042042,0.00294039
0.111523179,0.003987961
0.030499106,0.006706253
0.035299335,0.005592808
0.02640264,0.005281143
0.018324982,0.005091875
0.039256198,0.004294007
0.04158626,0.006185295
0.036641268,0.006546046
0.039166667,0.006896907
0.00670347,0.003395118
0.032815585,0.003582095
0.021793156,0.007694187
0.00486618,0.003725707
0.021415475,0.002244104
0.106847698,0.004693
0.022635408,0.007064049
0.017098731,0.004823856
0.047118521,0.007886435
0.013994911,0.004535147
0.048336217,0.007132379
0.027156383,0.004294563
0.099513086,0.005040336
0.026082131,0.00229273
0.014868383,0.0023912
0.04,0.009904542
0.028953229,0.003074102
0.027179007,0.003159558
0.023641421,0.006890888
0.046380697,0.003075753
0.052083333,0.0069916
0.020877716,0.003540929
0.090542636,0.006575371
0.084737302,0.004080097
0.028929605,0.001920843
0.032742156,0.004039671
0.042508015,0.003223637
0.069701204,0.008965573
0.027344521,0.002307615
0.064471879,0.005356731
0.030411411,0.002536824
0.031778905,0.006110795
0.035680574,0.003930952
0.019023136,0.007141138
0.027819101,0.005773168
0.026404225,0.002948937
0.030153436,0.002197609
0.025424129,0.006335344
0.154521298,0.012521341
0.024423034,0.003128348
0.06679481,0.004677829
0.022572402,0.008636963
0.018565615,0.002557334
0.030907278,0.009475992
0.03950104,0.006992738
0.059090909,0.003500119
0.016485575,0.005909798
0.024193548,0.000567842
0.015804598,0.00722908
0,0.003943533
0.05370844,0.004327248
0.059570662,0.003747682
0.068978707,0.00851932
0.051658163,0.003823828
0.022346369,0.007909652
0.027027027,0.008425091
0.085296217,0.002743277
0.09550351,0.004161865
0.06871075,0.00537195
0.055578771,0.010081595
0.075715477,0.006461857
0.0063593,0.004109651
0.075821506,0.006728523
0.019651074,0.004557798
0.003655352,0.011376338
0.083775545,0.008215642
0.042821159,0.005574614
0,0.003174063
0.010195412,0.003052588
0.054501217,0.003241297
0.001334223,0.009211817
0.009451796,0.005950413
0.051524543,0.003450404
0.046208209,0.004523612
0.050363244,0.008377939
0.023529412,0.00407452
0.045506257,0.006753442
0.07924964,0.00676818
0.038291139,0.006132811
0.005998286,0.004572996
0.026451984,0.010999599
0.015288875,0.00518968
0,0.004915964
0.063748336,0.005765694
0.078824499,0.007310624
0.070948379,0.007076497
0.04921912,0.006301812
0.032233308,0.009942662
0.100611829,0.009792844
0.004127743,0.00700189
0.081647227,0.015692858
0.002084298,0.008429966
0.028025828,0.004961607
0.054601875,0.006200541
0.007595636,0.00350155
0.042872837,0.011958117
0.148275862,0.012841496
0.062406741,0.007670346
0.01023766,0.003257329
0.050209205,0.00814389
0.056295297,0.009391049
0.009101942,0.006779965
0.046451033,0.010001016
0.040626419,0.006416524
0.01358686,0.002483246
0.01618148,0.006129437
0.044103072,0.007463835
0.017101648,0.00314201
0.037994783,0.008761515
0.034271993,0.009056065
0.061615786,0.012318486
0.035353535,0.01089633
0.052428163,0.004458275
0.057346648,0.011519654
0.009905774,0.01274534
0.001812415,0.009106371
0.031951674,0.005020529
0.001358168,0.006676129
0.027667057,0.006520124
0.035839775,0.004437909
0.069524447,0.004868179
0.03763773,0.007431741
0.033829499,0.007759034
0.073431092,0.011260708
0.030156446,0.00852728
0.040339703,0.005649115
0.035367545,0.007136572
0.066208394,0.006331039
0.02100509,0.004595659
0.039980497,0.010856738
0.04330116,0.008378156
0,0.008128922
0.016014027,0.008293312
0.027812895,0.006713298
0.020979021,0.0042873
0.038134501,0.005952943
0.000886918,0.006320306
0.087611225,0.006643321
0.060216161,0.00772539
0.042545962,0.004756957
0.011976048,0.007081654
0.024880383,0.008267017
0.066004415,0.005747585
0.044983573,0.004568528
0.026650139,0.006681987
0.090094128,0.008354907
0.047520427,0.006428628
0.052885838,0.010906641
0.028964229,0.011836054
0.026972353,0.003805212
0.077260056,0.009206432
0.044843049,0.007879739
0.03183315,0.004635762
0,0.003096698
0.039301511,0.006125904
0.027602524,0.003217296
0.017439254,0.008138895
0.02532171,0.007254605
0.044610169,0.00644493
0.042942422,0.008847775
0.004995837,0.004065527
0.023000881,0.002449409
0.027484144,0.00935622
0.064653192,0.012953291
0.099138836,0.009492871
0.027482823,0.007562095
0.041772509,0.006820913
0.037667072,0.003830244
0.043266301,0.004074357
0.024054983,0.003895014
0.018292683,0.000814001
0.040881127,0.003386991
0.026518804,0.003034799
0.028935435,0.003183161
0.02364532,0.040907401
0.041180758,0.002548853
0.05496041,0.003398267
0.017667845,0
0.028225806,0.000917852
0.022222222,0.000834725
0.025518341,0.002887701
0.003212851,0.001551683
0.020214271,0.002600852
0.019714145,0.001719395
0.024523161,0.001338412
0.029154519,0.002159827
0.035126978,0.001230861
0.018867925,0.001347255
0.021077283,0.002102578
0.011661808,0.00220022
0.037270485,0.002643219
0.011142061,0.003406131
0.018568841,0.001943635
0.032637596,0.003045382
0.013888889,0.001992285
0.03,0.003472222
0.023357664,0.003440805
0.038709677,0.002386974
0.022140221,0.001558846
0.062305296,0.003460208
0.078899083,0.002282237
0.02247191,0.003080609
0.03260326,0.003167382
0.012552301,0.001213298
0.025114155,0.001558442
0.022448507,0.00443309
0.030236284,0.001543456
0.027936714,0.001186677
0.010802469,0.001020408
0.091575092,0.001538462
0.023255814,0.00789266
0.063923586,0.00196379
0.065334257,0.012888018
0.006339144,0.002532447
0.022988506,0.001781224
0.013157895,0.000360881
0.019681032,0.000919212
0.010771993,0.000655738
0.027522936,0.002106742
0.019607843,0.002385326
0.024024024,0.000791862
0.100396301,0.004268045
0.044198895,0.002564925
0.006578947,0.000971817
0.025293586,0.00130597
0,0.001317176
0.037441498,0.000719424
0.047418335,0.002555453
0.030259538,0.001763338
0.057110862,0.003006615
0.056376574,0.004085289
0.084007574,0.002347691
0.037497533,0.003168622
0.004287464,0.00270694
0.049723757,0.003283533
0,0
0.031441048,0.001031105
0.023268398,0.006415976
0.020408163,0.001923077
0.025396825,0.000777363
0.106009884,0.002087735
0.071929177,0.008011833
0.053846154,0.006644028
0.075550892,0.00681472
0.141210375,0.015505754
0.076416016,0.007157902
0.13404951,0.009541853
0.017008197,0.013658571
0.016424596,0.007058639
0.022651934,0.007782868
0.026802721,0.010918682
0.044357469,0.015112073
0,0.007247112
0,0.012073602
0.105730922,0.012529356
0.085282288,0.006762292
0.153915392,0.011581186
0.073229874,0.005433939
0.060606061,0.007436787
0.033624636,0.013241904
0,0.030357586
0.094213295,0.015457794
0.048608226,0.011816304
0.106382979,0.019745064
0.150575231,0.011424195
0.098558559,0.005822293
0.107425888,0.012927577
0.074095023,0.005702487
0.086956522,0.017431093
0.033084312,0.007087334
0.084623926,0.011466186
0.082066869,0.005065604
0.06491063,0.006270221
0.088578089,0.006837489
0.083924639,0.008263365
0.061459667,0.007527929
0.01690742,0.007304203
0.096445993,0.008892441
0.088357588,0.041645796
0.118991794,0.008301181
0.086378738,0.006713783
0.064304731,0.018653525
0.063952582,0.006588286
0.08412483,0.029091049
0.126811594,0.008134726
0.081184336,0.008498972
0.101303318,0.012851879
0.060983094,0.010956614
0.038314176,0.010987854
0.112143331,0.007427319
0.072772898,0.013541328
0.154696133,0.0200889
0.033666667,0.00722125
0.053075995,0.032577799
0.101471529,0.012103982
0.036185611,0.009255804
0.089078929,0.007107282
0.04609584,0.007070243
0.001936733,0.006681542
0.086034431,0.00927702
0.044210526,0.008253305
0.049145799,0.006319714
0.061036789,0.011830946
0.075069972,0.012795787
0.056268882,0.006713176
0.177845528,0.013624762
0.049863014,0.002457673
0.055811433,0.009342619
0.039530843,0.010456274
0.058467742,0.005840443
0.162343096,0.010874797
0.09712308,0.010084906
0.135519126,0.004258339
0.13865628,0.015718637
0.045546559,0.008589436
0.099819603,0.004653622
0.062822388,0.00790408
0,0.005405015
0.10304878,0.012293164
0.064797887,0.008669038
0.049910873,0.006671529
0.111541168,0.011917366
0.071371451,0.010482216
0.111926606,0.002839565
0.078368066,0.003056953
0.063291139,0.006411327
0.065662002,0.006540833
0.076671437,0.01155759
0.098591549,0.004910821
0.094557012,0.017283202
0.066622778,0.006465517
0.001683502,0.010168955
0.103021978,0.008846234
0.020234032,0.002651046
0.080563948,0.006864773
0,0.016294828
0.077916835,0.009634154
0.057655594,0.009762844
0.072685096,0.007893871
0.129464286,0.015546117
0.079948062,0.010682521
0,0.009063076
0.105464671,0.011584164
0.083690987,0.010905936
0.086366645,0.010111281
0.113358988,0.004181087
0.0531241,0.006661895
0.15786019,0.01848711
0.074546676,0.006475232
0.063414634,0.009175275
0.08957346,0.01373494
0.166098393,0.009782092
0.095909732,0.0093789
0.135845749,0.008760287
0.104320666,0.010386603
0.05929764,0.010384144
0.147757256,0.014825511
0.058494624,0.025497978
0.014000373,0.011455488
0.052199851,0.010846841
0.105174892,0.005774174
0.016083327,0.003022821
0.035064822,0.004032851
0.036228279,0.004226876
0.031034483,0.002854979
0.018861985,0.003714569
0.012514078,0.005174517
0.020044465,0.005702678
0.014684916,0.002475709
0.014563407,0.001819083
0.038022814,0.002749852
0.008801583,0.001510747
0.018073444,0.003754069
0.002444988,0.004665146
0.019320354,0.002582478
0.014468181,0.004198141
0.03632756,0.00318701
0.001733071,0.005272273
0.005338163,0.005272273
0.029976318,0.005074346
0.040007144,0.008709361
0.005333437,0.003026117
0,0.005680313
0.000682775,0.006750828
0.030124289,0.012494244
0.006044672,0.00331451
0.006962352,0.003972758
0.033210726,0.004936358
0.004112456,0.002345419
0.059874457,0.008424982
0.001772744,0.002233415
0.006552731,0.004081985
0.007736944,0.005046864
0.001336973,0.004465797
0.072133379,0.010433109
0.00172973,0.006198892
0.029618474,0.007427287
0.035904466,0.00332802
0.030921523,0.003466773
0.017685522,0.003049464
0.01297984,0.002293653
0.01630763,0.002050456
0.012191818,0.003251603
0.040878258,0.00421366
0.006543724,0.003834937
0.008898015,0.002040959
0.009625948,0.003096521
0.015665796,0.003318584
0.004844961,0.004431213
0.039953677,0.004603393
0.013446885,0.002353243
0.022600372,0.003624985
0.02207997,0.002117926
0.043575921,0.005781991
0.009446694,0.004877532
0.030304278,0.004734426
0.043849786,0.005629814
0.036458333,0.005795096
0.03868977,0.005256668
0.014050092,0.001262916
0.043793217,0.003944072
0.030195071,0.007062504
0.02382594,0.003573281
0.01360127,0.009310413
0.039648003,0.006727281
0.06059208,0.010009512
0.057492931,0.007136347
0.017678452,0.003356601
0.03426276,0.007917889
0.015650407,0.006488619
0.054758936,0.008727772
0.015548241,0.004416535
0.035500747,0.009442803
0.028239203,0.004130659
0.005818567,0.006421842
0.025550281,0.004937815
0.023701003,0.006984725
0.030218356,0.006825692
0.021879662,0.006144333
0.022047244,0.004527448
0.024776119,0.004530213
0.029998859,0.004964082
0.045932223,0.005051819
0.015353311,0.002051591
0.040120087,0.003784589
0.017450042,0.005722344
0.029201694,0.005126442
0,0.005351381
0.003003003,0.005915615
0.015770609,0.006291641
0.03100615,0.007364093
0.037336895,0.006008811
0.064155386,0.00868156
0.029462349,0.006524909
0,0.000934143
0.051105596,0.007111501
0.018557769,0.002731931
0.018957346,0.002981737
0.034843676,0.005963591
0.010891248,0.003698213
0.022222222,0.002818438
0.022431982,0.003520892
0.0314778,0.004497138
0.046755455,0.003143911
0.021298174,0.005620135
0.001914486,0.00516144
0.036676647,0.002615041
0.012630198,0.005876791
0.04361874,0.00505252
0.021438816,0.005617865
0.053106212,0.004689832
0.019029841,0.010162838
0.064444444,0.008297801
0.017944467,0.00483425
0.021859948,0.004264392
0,0.001740506
0.035502959,0.007403376
0.011559048,0.002338889
0.002412545,0.005383373
0.034685289,0.010020595
0.007198153,0.006817033
0.039805396,0.007681071
0.004473363,0.004343675
0.019698725,0.004478877
0.134388071,0.005125748
0.073473524,0.005994983
0.034816942,0.00604828
0.018269231,0.004093439
0.02352232,0.008451786
0.032987398,0.003904036
0.045799056,0.00200451
0.026458952,0.00521367
0.005321558,0.005079044
0.034889336,0.003540277
0.021195652,0.001775148
0.025850023,0.003181222
0.026245945,0.001622734
0.031906615,0.0029491
0.0080016,0.001181885
0.028952409,0.004003231
0.026321761,0.002402651
0.042545374,0.001956947
0.003156566,0.003602055
0.052489906,0.005465103
0.045064378,0.000771159
0.022845953,0.003461405
0.039497307,0.004763417
0.012576044,0.001697955
0.008658495,0.003525175
0.015018455,0.003315962
0.010666667,0.00397135
0.019082473,0.001735358
0.057583703,0.004655825
0.023279352,0.002428974
0.007712082,0.001343409
0.01610148,0.003005121
0.008578431,0.001970286
0.018418202,0.004637681
0.027484144,0.002916601
0.019503546,0.004809071
0.022032374,0.001848429
0.03471027,0.005373992
0.015288674,0.004354786
0.008628955,0.000555803
0.037880604,0.002598991
0.024107143,0.002141939
0.017445918,0.002895032
0.016161616,0.001534919
0.011577729,0.001335644
0.020646937,0.002084781
0.028022599,0.003999531
0.026493506,0.002479247
0.079268293,0.003654971
0.026326786,0.005302227
0.021578648,0.003085059
0.015769166,0.00281434
0.020263672,0.003013057
0.009689922,0.004751258
0.027260926,0.001661227
0.017811705,0.001455781
0.006190753,0.002363224
0.010617761,0.00631762
0.019418448,0.003142669
0.019657662,0.002712855
0,0.004528088
0.012980402,0.01049174
0.037924152,0.002619296
0.018320365,0.004234799
0.028,0.004048196
0.030143708,0.001841108
0,0.00174942
0.00754717,0.002968316
0.030349722,0.003063246
0.011383308,0.002388164
0.011451792,0.007582823
0.006880734,0.003184546
0.038017516,0.003625188
0.027515723,0.001837035
0.033333333,0.002940312
0.018294323,0.002226035
0.007523626,0.001548076
0.011464968,0.002298537
0.014876736,0.002012355
0.051585014,0.00587343
0.04695089,0.005259204
0.030376671,0.003687996
0.072235959,0.010961478
0.100134258,0.00701953
0.078787879,0.00566642
0.109190888,0.011806232
0.099535747,0.006335797
0.041105895,0.00528592
0.047819676,0.006236216
0.068033743,0.01195432
0.108486679,0.008820312
0.062116878,0.021614151
0.085318442,0.007076266
0.067086462,0.008151928
0.031434185,0.008060954
0,0.002997318
0.037898814,0.004320663
0.111445783,0.005952813
0.062219731,0.007716453
0.06070621,0.004663624
0.032416133,0.008118295
0.04517743,0.004818629
0.04040404,0.005641749
0.068926123,0.006933312
0.043307087,0.008973194
0.091074681,0.009959544
0.067755102,0.004113588
0.08540789,0.006620103
0.076190476,0.008432719
0.038461538,0.007597942
0.072089314,0.008150271
0.108113069,0.006921703
0.132205391,0.01768433
0.074964548,0.004678547
0.025974026,0.004719958
0.020057307,0.002532138
0.109491306,0.007623736
0.039269406,0.008506525
0.03003003,0.00860675
0.046235139,0.011541595
0.209558824,0.004172462
0.023076923,0.008278867
0.009708738,0.006443425
0.035499398,0.005416418
0.05959596,0.008787011
0.093872188,0.005548024
0.07138745,0.005986588
0.058695049,0.00427422
0.052076636,0.007824006
0.008298755,0.001724138
0.083640655,0.010778947
0.115231458,0.013704888
0.084094185,0.006824864
0.014018692,0.003362674
0.088941446,0.007247454
0.04703754,0.014792899
0.048584048,0.00565421
0.071198713,0.005686591
0.072965388,0.007249919
0.103409726,0.00298112
0.08406159,0.010776986
0.01843318,0.008733624
0.109459168,0.010923015
0.081649151,0.012643029
0.116831683,0.006095625
0.132873167,0.006502396
0.176107325,0.014232741
0.038709677,0.004008291
0.077249903,0.004321334
0.024261603,0.002196394
0.055299539,0.007900558
0.137142857,0.015463338
0.049206604,0.010853852
0.055967633,0.009905828
0.070838253,0.009994627
0.052670562,0.004857177
0.0472103,0.005847577
0.066087354,0.005417599
0.090976331,0.008191685
0.05008489,0.013470173
0.082758621,0.009678819
0.031311155,0.006193868
0.126126126,0.006866953
0.043173806,0.004175494
0.03125,0.020341484
0.094602939,0.011702424
0.091765421,0.012646356
0.085577255,0.004512027
0.102330707,0.004512027
0.094362745,0.01532897
0.084229391,0.009441184
0.086369771,0.003737642
0.040580666,0.007953821
0.111864407,0.006823782
0.058504875,0.004617516
0.122273249,0.009238049
0.076479076,0.006155045
0.059717698,0.009740416
0.062146893,0.004732077
0.060529634,0.008094307
0.180222841,0.009467161
0.098412698,0.013253206
0.127866574,0.00848249
0.005106383,0.009258775
0,0.006238964
0.063697437,0.019809266
0.048703849,0.009517335
0.184782609,0.038267778
0.09861064,0.029178177
0.206090652,0.007924305
0.125083612,0.007107709
0.138832315,0.008342975
0.137390064,0.014375918
0.17004717,0.007548215
0,0.002863539
0.123781148,0.007087943
0.137221593,0.01179941
0.015022861,0.006346789
0.119929895,0.019595672
0.071701721,0.004128184
0.13485071,0.015598886
0.137190248,0.008397635
0.101446547,0.01222641
0.047807944,0.005598736
0.048414986,0.024251449
0.01438435,0.009706571
0.035634744,0.064911026
0.035189803,0.005220368
0.128562666,0.008070726
0.041425021,0.004609692
0.156467854,0.050176401
0.065756824,0.005186982
0.062730917,0.007257994
0.126457399,0.046719007
0.076592202,0.006324803
0.137960829,0.005279634
0.146693387,0.013559998
0.070756829,0.008587786
0.092674617,0.022738996
0.124254534,0.009616177
0.147811256,0.01076878
0.080294256,0.009188847
0.117131559,0.016356977
0.046201297,0.010652102
0.144061101,0.011050996
0.036371509,0.006474445
0.10992786,0.008075668
0.070175439,0.007186761
0.210507441,0.007523893
0.179310345,0.006133544
0.135008767,0.006152733
0.031811185,0.011016481
0.089796724,0.010742294
0.020580475,0.00849363
0.07815553,0.012718442
0.058752792,0.007269053
0.011409943,0.009305796
0.108678021,0.009726133
0.086654525,0.008612203
0.114901561,0.011729791
0.127100271,0.007885461
0.038039503,0.004435409
0.028287462,0.029239766
0.168530351,0.009893048
0.13347548,0.009239993
0.021337127,0.005320116
0.014906438,0.007847361
0.195339806,0.018759571
0.122062923,0.008360662
0.144089295,0.007404416
0.224824894,0.009463853
0.063220624,0.015631105
0.043686415,0.010314318
0.05837425,0.00643928
0.084131327,0.023884416
0.331775701,0.008563581
0.0210615,0.000860123
0.115482234,0.002820982
0.038834951,0.000303214
0.031131359,0.00428586
0.045640541,0.002478756
0.022038567,0.00142516
0.044197002,0.005031722
0.02265861,0.002847436
0.022274326,0.001011463
0,0
0.047399605,0.016576712
0.039181287,0.002593473
0.012237762,0.001430332
0.022296544,0.001272223
0.021655066,0.001066408
0.024892912,0.001414645
0.023391813,0.001029882
0.092884683,0.001068158
0.02020202,0
0.024937656,0.000651678
0.03358209,0.003631961
0.015586035,0.001486664
0.007633588,0.001394294
0.037321625,0.001617844
0.033800406,0.00108996
0,0.002865435
0.04233026,0.00108214
0,0
0.061997704,0.001229977
0.02173913,0.004021033
0.046931408,0.001658375
0.025796524,0.003405781
0.022346369,0.001286174
0.04045584,0.000955962
0.076923077,0.001263656
0.025899281,0.00048158
0.030666667,0.000967118
0,0.000570451
0,0.001151079
0.044198895,0
0.045604034,0.001181015
0.045757865,0.001165606
0.145514675,0.00126274
0.014719411,0.003012696
0.032284768,8.85E-05
0.028218695,0.000275938
0.068019368,0.002207057
0.034700315,0.002439713
0.016129032,0
0,0
0.049780381,0.001172333
0.033333333,0
0.031821798,0.00262674
0.021505376,0.000471032
0.037735849,0.015086176
0.022263109,0.002563652
0.043164535,0.00747327
0.054906542,0.004448519
0.040693796,0.005952381
0,0.00639076
0.0740625,0.009334672
0.074694432,0.00516928
0.087515906,0.00941107
0.020508614,0.002506143
0.082084958,0.00579184
0.065869219,0.005565266
0.077426466,0.006072129
0.053287629,0.005463255
0.051658613,0.00572772
0.06729431,0.005424117
0.050847458,0.003568885
0.11184521,0.005366596
0.131475527,0.002944233
0.067877234,0.005227536
0.073742247,0.002870747
0.023936919,0.006304845
0.116050538,0.004697393
0.032846715,0.003957784
0.099640934,0.009342032
0.086007702,0.006866592
0.055272879,0.006447129
0.066350803,0.00646317
0.087727945,0.002760837
0.055162937,0.00499254
0.066350898,0.005966413
0.055748579,0.004005212
0.062351779,0.006577841
0.047411524,0.005540559
0.104111827,0.00912468
0.071641899,0.006745152
0.077668769,0.00492714
0.088944254,0.006909239
0.100535396,0.001794565
0.124592834,0.003553009
0.132182491,0.003753416
0.101545254,0.006931915
0.038817509,0.006991323
0.077046315,0.006238608
0.046828891,0.004404336
0.053613054,0.005459015
0.060687746,0.004579116
0.125569291,0.007467559
0.008063587,0.007520853
0.085072231,0.00386575
0.088507314,0.005509525
0.078258547,0.002971623
0.047657189,0.00433996
0.026315789,0.005997601
0.130430557,0.00499382
0.081066435,0.009246826
0.051873446,0.006067424
0.068344751,0.004661594
0.048628151,0.003168493
0.069233921,0.010958386
0.09271327,0.013935364
0.045588531,0.004763926
0.047368421,0.007178745
0.085433165,0.005931155
0.038378711,0.005863627
0.048249294,0.00696811
0.058438287,0.006132618
0.073149382,0.004574351
0.022931358,0.003005092
0.071376012,0.009230531
0.005237371,0.005491419
0.071060541,0.004395564
0.071551231,0.003866067
0.072625698,0.009072375
0.167255497,0.00713737
0.03041988,0.003235453
0.07354502,0.004101815
0.071353758,0.006413312
0.055685423,0.008112885
0.066155395,0.007211068
0.085341365,0.007482835
0.062675398,0.00725722
0.134146341,0.009411544
0.069601329,0.009218258
0.056018519,0.004401075
0.06607651,0.00530886
0.033294859,0.005321929
0.066286898,0.010728846
0.078453667,0.0044136
0.133655395,0.00414432
0.04065501,0.003150133
0.030226325,0.007033392
0.03843568,0.004085388
0.024111675,0.003787327
0.065805658,0.005756271
0.016371078,0.003629556
0.090832544,0.005813254
0.058061946,0.008216544
0.027051178,0.006311749
0.054188948,0.004700754
0.075089928,0.005355515
0.00118624,0.00041806
0.025298157,0.004142651
0.020964833,0.004881342
0,0.001895063
0.020113461,0.002761207
0.00811359,0.001757162
0.023468057,0
0.011454506,0.007049741
0.013126442,0.003338938
0.013610889,0.000259471
0.014277216,0.000962649
0.004065041,0.004941777
0.027226027,0.003005555
0.042944785,0.003283045
0.003327787,0.003488278
0.020618557,0.001490757
0.126027397,0.001817537
0.016853933,0.005544537
0.01910828,0.003381255
0,0.001752081
0,0
0,0
0.009345794,0
0.008241758,0.001522843
0.06150253,0.002371968
0.027232679,0.005177515
0.009673519,0.00313368
0.01751634,0.00511615
0.023021583,0.00085589
0,0.004513917
0.012032086,0.002253839
0,0.025124491
0.018972332,0.001819836
0,0.000539767
0.016964695,0.002209673
0.029743269,0.001635546
0.033018868,0.001288992
0,0.003014318
0.144694534,0.001531068
0,0.001765001
0.028368794,0.003851157
0.014788169,0.006069803
0.00877193,0.000366524
0.00324412,0.005502932
0.019111323,0.004750978
0.014154282,0.006740275
0.055773763,0.003962342
0.029640608,0.003554319
0,0
0.097368421,0.004343705
0.02733119,0
0.01294964,0.001481756
0.056102784,0.004071877
0.023529412,0
0.014537108,0.001620154
0.023866635,0.00578564
0.010209042,0.001783613
0.041902715,0.005224787
0.03021978,0.004507176
0.019918974,0.001507421
0.022641509,0.002011061
0.035003978,0.002259298
0.076797386,0.005563282
0.007889546,0.002516119
0.015232292,0.004192939
0.045278851,0.000887607
0.018461538,0.001846381
0.046356353,0.008124219
0.02758133,0.002647546
0.071180091,0.005959226
0.023346304,0.003120125
0.017204301,0.002066471
0.023375667,0.004601731
0.023291084,0.00555507
0.03343465,0.00102145
0.022665947,0.00212917
0.029058116,0.00228385
0.01396648,0.001104566
0.004376368,0.000206954
0.025620123,0.00501703
0.059027778,0.005200208
0.011570248,0.000538041
0.006944444,0.005227343
0.019690577,0.000528571
0.0377156,0.007308663
0.037588097,0.00284994
0.012573964,0.001427756
0.033816425,0
0.035087719,0.001401051
0.030913012,0.002503852
0.034293553,0.001262427
0.099447514,0.005991213
0.023569024,0.001889754
0.023809524,0.001233426
0.034482759,0.002837123
0.040462428,0.005683356
0.064846416,0.002220664
0.028019254,0.005475115
0.031293571,0.005696598
0.083696442,0.006282336
0.022088353,0.003689134
0.061538462,0.003045067
0.010549695,0.003636872
0.014440433,0.002281022
0.023809524,0.002270254
0.019047619,0.002897629
0.025914634,0.002191729
0.053191489,0.006768071
0.027305852,0.002134895
0.036238981,0.007806513
0.042297005,0.007734381
0.039393939,0.001346095
0.085504342,0.002909091
0.025575448,0.001993036
0.015580737,0.005412036
0.030801479,0.009099343
0.009961009,0.001976915
0.031837199,0.002883132
0.036361397,0.007911324
0.019112628,0.006985079
0.200802914,0.006980859
0.020261359,0.007836631
0.036004671,0.002467681
0.02280336,0.005062468
0.00822098,0.001342918
0.024441505,0.005516508
0.034413871,0.003230156
0.016185262,0.003028771
0.010563808,0.001301436
0.025740629,0.002440447
0.038381999,0.004911804
0.031819555,0.008983652
0.019757092,0.001800446
0.015669666,0.002092366
0.01442356,0.00475238
0.025818934,0.002533666
0.040951704,0.003740833
0.036630037,0.001393922
0.012975523,0.004366912
0.017861903,0
0.013348165,0.003753351
0.053936965,0.005069909
0.03986711,0.005205622
0.080991313,0.004827263
0.034540657,0.002513168
0.051643192,0.00198544
0.019354839,0
0.096069869,0.007144404
0.059361035,0.00602878
0.021505376,0.0067659
0.007516779,0.001289961
0.025747209,0.013313248
0.068022069,0.003305603
0.022310362,0.003276234
0.04254417,0.00398922
0.021416804,0.006229092
0.023507578,0.003099768
0.016090584,0.004807452
0.010963268,0.00257802
0.045798078,0.004693638
0.019717102,0.003464869
0.029268293,0.002735036
0.023970037,0.004599098
0.033785869,0.002746467
0.014070995,0.002466504
0.080181543,0.039709628
0,0.002994702
0.001386161,0.002293157
0.026878613,0.009224476
0.038572569,0.00659656
0.043262396,0.008190909
0.028176155,0.004193441
0.053574791,0.00597088
0.04447428,0.003846495
0.051502745,0.006913986
0.04149449,0.003815013
0.057355769,0.006042501
0.036449638,0.004909884
0.034562926,0.007231722
0.03778229,0.004033748
0.03970346,0.004436539
0.037714521,0.00401555
0.034945729,0.00342851
0.018953916,0.004256804
0.028288868,0.004971389
0.030693069,0.00556141
0.044343618,0.005020597
0.034323395,0.005796954
0.050466918,0.003744466
0.017664377,0.003984899
0.05094401,0.003442826
0.048215694,0.003229351
0.023914824,0.003358429
0.032343819,0.00477707
0.038255699,0.002924743
0.046207688,0.006025654
0.046384946,0.006582253
0.01736279,0.002118822
0.047566534,0.004877821
0.037464489,0.006206929
0.048636511,0.00648054
0.049154241,0.006965001
0.037912416,0.004435547
0.028481013,0.005137189
0.074531096,0.004281401
0.028368794,0.002839019
0.018504947,0.002075167
0.056156787,0.004400571
0.011790903,0.002011451
0.038864213,0.004015455
0.025717703,0.002117624
0.04942926,0.006770686
0.037014189,0.003646457
0.072857496,0.004711091
0.035343709,0.004783528
0.026281388,0.002364261
0.085175327,0.007616156
0.024611973,0.003232823
0.028629857,0.002102878
0.056015191,0.005277264
0.016938025,0.006712131
0.028996146,0.00562496
0.07336645,0.003116917
0.008433752,0.002661238
0.081112399,0.004374094
0.031337768,0.009538724
0.059074334,0.007293502
0.026596135,0.004913589
0.016695328,0.005124554
0.033036076,0.005481548
0.015483417,0.005609639
0.030059565,0.003723672
0.030677691,0.007546571
0.029598576,0.006099451
0.022603878,0.002194224
0.015306509,0.006720297
0.024057971,0.007333397
0.032963972,0.005687376
0.035619703,0.0055922
0.029876797,0.003078143
0.023268301,0.004874993
0.025641026,0.00608771
0.038324142,0.008062488
0.010919955,0.002543313
0.010619707,0.009903089
0.016752633,0.003345582
0.026076232,0.007091079
0.041319422,0.004572597
0.040503558,0.00784902
0.055302043,0.005954128
0.008040936,0.005087239
0.015410765,0.005748816
0.007424846,0.002291134
0.008281754,0.004648123
0.040711157,0.006371993
0.0435119,0.008012093
0.035891969,0.004648022
0.029889386,0.006602344
0.025823906,0.006349066
0.17178391,0.007897358
0.036018237,0.004804657
0.020996896,0.002442549
0.023452413,0.004322521
0.019805248,0.004115603
0.010822511,0.004930446
0.03148855,0.00315857
0.027385949,0.004350001
0.024383329,0.007389202
0.048151659,0.006175735
0.050015728,0.004406451
0.007389043,0.004265321
0.04621897,0.005737739
0.063078805,0.003813224
0.051706952,0.006931995
0.041941607,0.007012691
0.017154542,0.002989879
0.071057192,0.007969479
0.034123223,0.003669318
0.006892506,0.003595867
0.016798773,0.005963879
0.051212938,0.004158913
0.001678556,0.004247747
0.041825595,0.007090293
0.043478261,0.002795963
0.013067904,0.003533827
0.011951084,0.004440497
0.009093971,0.00431075
0.040164175,0.007170113
0.039418576,0.004305132
0.021515247,0.004043744
0,0.005208208
0.008780256,0.004633431
0.073667113,0.007710359
0.02760364,0.006459212
0.037753013,0.004530313
0.020130255,0.010930987
0.022295623,0.006665114
0.024451098,0.005598306
0.049968586,0.005479635
0.06861294,0.006434626
0.062228464,0.004449572
0.023865645,0.002613786
0.012057416,0.004576473
0.011048235,0.002329604
0.015174149,0.003085391
0.066015158,0.004078969
0.02409926,0.002793151
0.020874573,0.006878653
0.009847199,0.003932915
0.050798009,0.006275494
0.014029618,0.003076923
0.028713629,0.016124388
0.007413509,0.009715725
0.031338087,0.014274757
0.039840637,0.011669567
0.063660093,0.010521303
0.056703911,0.012940501
0.053153208,0.004716607
0.048074029,0.011540764
0.047244849,0.006059846
0.116173121,0.013104503
0.049751244,0.006935414
0.047776952,0.004976231
0.044993663,0.010099251
0.055335968,0.008580588
0.022535211,0.017552413
0.048671578,0.011707051
0.060436392,0.008989083
0.040497269,0.016131794
0.052437366,0.010721154
0.040769231,0.010941371
0.047016275,0.005808325
0.060310794,0.015608941
0.039467351,0.007149371
0.057518372,0.015895571
0.022099448,0.009325044
0.098598858,0.018910988
0.083998817,0.006454944
0.059141724,0.012209348
0.105885377,0.011226886
0.071180091,0.014500517
0.012371134,0.023903129
0.032675289,0.008835049
0.065044248,0.010930161
0.031583837,0.009225334
0.035294118,0.010281675
0.030657314,0.006497726
0.023807049,0.009595202
0.031053876,0.008382499
0.035679777,0.007939586
0.062322946,0.10232318
0.019266625,0.005239767
0.080276062,0.009069816
0.068173599,0.00731125
0.008225617,0.003246753
0.058844011,0.011214953
0.044929754,0.009130859
0,0.012863616
0.05798274,0.011813324
0.046418909,0.005698255
0.117399439,0.011429384
0.049423394,0.012614959
0.075109931,0.012183358
0.075628764,0.019971071
0.04681657,0.007871689
0.069669784,0.016881054
0.040333797,0.008989856
0,0.005363415
0.048441674,0.010585401
0.039300583,0.016117197
0.071058664,0.012605101
0.014292755,0.006661302
0.057884232,0.016621984
0.05373929,0.006639837
0.030753283,0.018121069
0.060010414,0.006437198
0.041456285,0.015847262
0.063848525,0.010155289
0.025641026,0.017967942
0.064569242,0.011146586
0.049782576,0.003430407
0.016845329,0.011303757
0.026370992,0.003433423
0.026158086,0.002234273
0.01644837,0.004025522
0.039542144,0.006390896
0.036808052,0.004752427
0.021494676,0.005581574
0.068128946,0.00463925
0.091908092,0.004816132
0.029457667,0.004332305
0.024663791,0.005517759
0.02004008,0.004699373
0.040728832,0.005793372
0.016365202,0.005307263
0.014850299,0.003703253
0.033866224,0.003726678
0.046473029,0.008463333
0.034701368,0.00669009
0.034309534,0.007348243
0.040529363,0.00475273
0.02236122,0.006095071
0.028524131,0.005743825
0.050049068,0.007371408
0.051125553,0.007936705
0.073848827,0.004678341
0.017728273,0.005599123
0.03,0.00421974
0.046025105,0.006788571
0.04028227,0.006155789
0.033795176,0.005379789
0.028578989,0.004980392
0.013274336,0.001477541
0.021706209,0.00550399
0.014317729,0.004116503
0.01179941,0.002087365
0.045474761,0.005288991
0.046374622,0.006753481
0.025665614,0.005109037
0.03008596,0.003676904
0.013543732,0.003809647
0.039158231,0.006910108
0.024268176,0.006758275
0.050596373,0.006532939
0.040644335,0.007058824
0.016580478,0.003844426
0.027694317,0.003648353
0.023530769,0.005902745
0.015652174,0.002848423
0.039456063,0.004895582
0.017682263,0.003487094
0.013564596,0.004059774
0.014959432,0.005277045
0.020808679,0.0058984
0.006879806,0.008744158
0.03620202,0.00522868
0.04127222,0.006348554
0.014428383,0.00344942
0.055844578,0.011826689
0.017754326,0.007592471
0.009759271,0.004585841
0.025881382,0.006919725
0.041423571,0.007742261
0.032524049,0.006125673
0.024941176,0.008289269
0.022093949,0.005719885
0.010491441,0.003657899
0.027415144,0.003866432
0.076165463,0.011213014
0.009016393,0.003477478
0.020739,0.010740611
0.037568028,0.005272103
0.053560682,0.00630198
0.038188507,0.008215444
0.057513854,0.007772035
0.02379609,0.004860123
0.038632987,0.00867238
0.020733062,0.006482413
0.045073091,0.005509247
0.072187254,0.005317894
0.089787418,0.006098289
0.019915975,0.004378486
0.027589938,0.004735983
0.030846296,0.00536107
0.044713953,0.005566613
0.02258611,0.005842067
0.00400556,0.0146466
0.035155248,0.009130063
0.013653741,0.00708264
0.025994486,0.004805789
0.034322034,0.006513039
0.017826408,0.00425149
0.057233704,0.005195506
0.052285192,0.003485716
0.059330144,0.004885955
0.040159641,0.004648772
0.032168062,0.008432392
0.047501126,0.006946877
0.030106707,0.004254971
0.017434063,0.005657193
0.033314168,0.003506059
0.004840662,0.007223942
0.036063548,0.00895823
0.019557307,0
0.017254038,0
0.021746083,0
0.033016545,0
0.023665007,0
0.033741565,0.006947512
0.134689611,0.006346666
0.26787117,0.00753104
0.115759722,0.005934734
0.141400093,0.008757704
0.153380689,0.00954482
0.111851171,0.003410127
0.095931439,0.004325456
0.088465845,0.006550711
0.053009792,0.007419634
0.101565762,0.012007351
0.174740145,0.004889677
0.12994813,0.004896863
0.071767497,0.007669651
0.089359504,0.0089698
0.073438705,0.005699222
0.076708993,0.008119726
0.122248864,0.004101869
0.089939464,0.006763395
0.117750439,0.007716182
0.101827243,0.008598602
0.070391645,0.008633976
0.067052179,0.006961537
0.133026255,0.007962308
0.167904424,0.005689063
0.134671415,0.006638875
0.117150202,0.00703799
0.039350113,0.005784965
0.087893864,0.004413643
0.113896218,0.007953292
0.079297246,0.005331882
0.086910022,0.006763605
0.1625,0.006579613
0.241888479,0.009409565
0.152046784,0.00702042
0.139191165,0.006936848
0.08645149,0.005163649
0.09933725,0.008591221
0.073254345,0.006010947
0.085113754,0.006695113
0.158348457,0.008261172
0.097993352,0.009616145
0.133029843,0.008943814
0.071848946,0.010823748
0.029224605,0.009641249
0.100430018,0.006765758
0.00933126,0.002944424
0.020974132,0.005966391
0.106557377,0.005489743
0.028346457,0.001145639
0.021521522,0.003115076
0.047018506,0.006302522
0.060506051,0.005226806
0.031392405,0.004779357
0.015353805,0.001563744
0.03777336,0.008023847
0.016949153,0.00269943
0.013220019,0.003046347
0.01546687,0.004592144
0.124067797,0.001187931
0.050085373,0.004283165
0.009155646,0.007733288
0.010989011,0.004123342
0.082818294,0.000179211
0.003527337,0.000745156
0.013392857,0.007043287
0.018808777,0.001067109
0.025290499,0.004003313
0.066126856,0.005199716
0.03776435,0.004285241
0.005221932,0.001763668
0.00990099,0
0.058194401,0.013792875
0.016778523,0.001946337
0.008928571,0
0.031914894,0.006166495
0.006097561,0.001184366
0.014803272,0.003527633
0.048270089,0.005731693
0.030615413,0.003960104
0.048780488,0.002598753
0.036105477,0.002864304
0,0.001650165
0.205020921,0.002739149
0.0757319,0.005349232
0.053731343,0.011320146
0.018105641,0.006766753
0.055806938,0.002327386
0.16319896,0
0.030651341,0.012507788
0,0.004823777
0,0
0,0.010686054
0,0.007049345
0.145363409,0.004294593
0.024319066,0.006706863
0.020205601,0.003841229
0.07399605,0.00754737
0.076085698,0.012120481
0.054560955,0.008130578
0.029661017,0.009533439
0.057757956,0.007657557
0.036412078,0.008973238
0.129725086,0.009374145
0.048328817,0.009486281
0.05072904,0.008395131
0.04531112,0.008854999
0.075268817,0.005898205
0.126692121,0.008431407
0.048608042,0.012985164
0.130593607,0.00752465
0.137065637,0.009596603
0.072885323,0.011586453
0.078508342,0.009789157
0.056157505,0.007684659
0.074649841,0.009848939
0.013173653,0.00668839
0,0.011406446
0.126963351,0.009544992
0.09496533,0.012996219
0,0.005976147
0.004432624,0.008486879
0.075856014,0.007407767
0.066588633,0.008047841
0.076765083,0.010102062
0.040345019,0.009500352
0.047266277,0.009181029
0.092665788,0.011748959
0.111143159,0.011714844
0.057513621,0.006245002
0.036380597,0.02460006
0.165961945,0.010501484
0.082339895,0.008810369
0.065126195,0.008784488
0.061930211,0.012138855
0.077843098,0.0126306
0.088457744,0.008842968
0.040233236,0.009462028
0.070871722,0.007737879
0.059539474,0.005809811
0.126533247,0.013079255
0.086286392,0.011006621
0.121870572,0.01178105
0.067577176,0.007332382
0.133250311,0.011819717
0.168776371,0.011029679
0.038483965,0.011199637
0.045404814,0.009755691
0.06493987,0.009171297
0.079653322,0.004870098
0.071120142,0.01122683
0.035714286,0.006147226
0.086522911,0.010218526
0.239587403,0.013638805
0.023792697,0.009080951
0.084051724,0.01284197
0.14379188,0.009480261
0.113687783,0.008840443
0.117410388,0.008738938
0.077158979,0.005013471
0.047518479,0.008598726
0.031992956,0.004108767
0.119331742,0.007300619
0,0.00612287
0.106238075,0.011539957
0.153046422,0.011140974
0.094736842,0.004244015
0.006029049,0.003555437
0.084817868,0.005266007
0.097945151,0.010653899
0.070267567,0.011019776
0.095675645,0.01287701
0.11814712,0.017868352
0.066842403,0.005463025
0.034372502,0.006185567
0.095489039,0.007191948
0.100341987,0.006003281
0.062668205,0.011835987
0.06279753,0.006614464
0.116572398,0.008063666
0.061461794,0.009774566
0.081146451,0.010212481
0.119113829,0.008619899
0.08000897,0.00776884
0.070592981,0.004324934
0.007968127,0.002494255
0.050246462,0.008509685
0.098323086,0.013043571
0.077256037,0.006729866
0.093810145,0.00856229
0.062265566,0.006673843
0.021276596,0.005772931
0.135746606,0.048615893
0.061469072,0.02014092
0.148040639,0.012468105
0.085245902,0.010127279
0.087456721,0.012166815
0.161729575,0.008189556
0.06442577,0.00392709
0.076376661,0.007679306
0.103082262,0.007800563
0.042128603,0.017881016
0.081754279,0.011114051
0.075144509,0.007548571
0.118358345,0.00768407
0.046004268,0.010941904
0.071333629,0.01892275
0.079722704,0.006026978
0.096858639,0.00532978
0.068965517,0.002516515
0.107204117,0.009969505
0.030653638,0.003156938
0.095890411,0.022617124
0.117125984,0.011444852
0.045519035,0.006687694
0.034029851,0.011225997
0.070534699,0.009234328
0.08772264,0.011293554
0.055327869,0.00569166
0.079691517,0.00277585
0.096020761,0.005082592
0.107228916,0.016219091
0.082167832,0.005575266
0.103157895,0.006073753
0.043632075,0.007920724
0.072625116,0.009417398
0.117836676,0.014240267
0.036220472,0.015562983
0.082087447,0.012114107
0.055854285,0.003908024
0.114505448,0.015896379
0.017699115,0.008129787
0.106477374,0.010178817
0.100777706,0.007767325
0.071753986,0.01882147
0.097332372,0.011647099
0.030716724,0.010542963
0.097912869,0.008013488
0.040085214,0.005565025
0.056793532,0.008320176
0.08211373,0.01049884
0.055411137,0.025476283
0.092954821,0.005988024
0.069948187,0.008012406
0.080300241,0.007206919
0.116177115,0.003881988
0.044370439,0.003209215
0.075035063,0.012157195
0.095806981,0.009851462
0.102546735,0.022575205
0.064397906,0.005374342
0.092312001,0.007995774
0.041020966,0.017432682
0.076205288,0.002922591
0,0.004746835
0.098916968,0.010602604
0.056723716,0.013853717
0.065281276,0.013051423
0.07963982,0.013385666
0.078035157,0.01698438
0.064274237,0.008621655
0.071998859,0.007011341
0.083951763,0.011567655
0.019777503,0.00433526
0.097560976,0.009350394
0.093283271,0.006889568
0.095082858,0.008173162
0.112960526,0.010595587
0.016129032,0.004463044
0.05190772,0.083447468
0.007830552,0.00518694
0.029931973,0.005767054
0.101320342,0.011401791
0.07286245,0.005284236
0.068899259,0.014318919
0.090289608,0.007692308
0.070750111,0.013878122
0.07918858,0.01419183
0.068139963,0.013549066
0.119363395,0.008932522
0.062111801,0.034162421
0.114630374,0.011820926
0.076615209,0.00712524
0.148264984,0.005868019
0.060699588,0.005843353
0.075781877,0.019713875
0.120473657,0.008061798
0.054151625,0.001792918
0.148214198,0.012884255
0.104639805,0.004320276
0.099013868,0.013423253
0.083859149,0.007086889
0.075132979,0.007200109
0.084520324,0.007685486
0.057675244,0.003565374
0.108,0.03721623
0.090734333,0.013962858
0.087923267,0.01312299
0.063015754,0.009184588
0.047619048,0.001189338
0.061191626,0.011016249
0.109274943,0.011425878
0.045977011,0.008866201
0.13372093,0.017639989
0.105919003,0.008494435
0.025723473,0.008043694
0.127458121,0.00672043
0.049222798,0.00585838
0.097826087,0.011658814
0.054107231,0.007699248
0.107427571,0.012508623
0.061583578,0.016663818
0.099322799,0.003730273
0.101369863,0.012452912
0.090460526,0.008154264
0.039930556,0.010863236
0.086437711,0.011705356
0.088584475,0.009776536
0.06271777,0.009582727
0.126892151,0.013508364
0.07063197,0.012985332
0.092485549,0.009347826
0.120462046,0.011681106
0.008810573,0.004550626
0.126006904,0.012491097
0.01908987,0.004108958
0.064404432,0.005141443
0,0.008430913
0.084113873,0.010471445
0.084727585,0.013537082
0.067545305,0.008216927
0.059195402,0.009889988
0.053660983,0.009178096
0.06776506,0.006576163
0.061216507,0.007405735
0.134110787,0.008516007
0.123249045,0.012982828
0.086246325,0.015240792
0.145854657,0.006488976
0.017391304,0.011889738
0.078982111,0.011636114
0.040687919,0.005811229
0.317406143,0.008616563
0.082202256,0.012219861
0.091132455,0.016539897
0.090156794,0.008050954
0.075411389,0.009925123
0.047916667,0.006425058
0.118085768,0.008431272
0.131278143,0.021545287
0.082269656,0.02074733
0.013848817,0.011503586
0.089984351,0.009522946
0.089092423,0.009018036
0.086283186,0.020661157
0.075598654,0.006025911
0.107317073,0.014644686
0.102486812,0.0132497
0.06547619,0.016361886
0.118655933,0.009741248
0.059356451,0.011702961
0.123676119,0.006262187
0.07219032,0.007003742
0.089005236,0.008194829
0.186060076,0.00718106
0.105145213,0.010176309
0.018367347,0.008787346
0.032478632,0.008466604
0.011538462,0.008286475
0.10455312,0.007620074
0.139390187,0.015497214
0.051897103,0.006951357
0.083066305,0.012007264
0.03003003,0.007615961
0.073672806,0.009294147
0.168754606,0.010107555
0.069630938,0.007462105
0.0362923,0.013712442
0.038461538,0.008978676
0.104090909,0.01685703
0.12804878,0.077984309
0.097867533,0.009655764
0.095683453,0.013663871
0.046357559,0.006580449
0.156019656,0.009902361
0.080729167,0.006699232
0.087017544,0.012551249
0.045248869,0.018026005
0.10193133,0.008566746
0.04325937,0.028790043
0.104571316,0.008123554
0.137331875,0.014068711
0.123995984,0.004551609
0.14159292,0.005604122
0.040370059,0.012889127
0.056198178,0.004167267
0.132970027,0.009344202
0.018018018,0.007868508
0.08762818,0.011458065
0.039473684,0.013120971
0.103958692,0.008716575
0.059389267,0.003921794
0.076970067,0.006522508
0.137671233,0.018457411
0.063931415,0.007589169
0.089758343,0.009280441
0.036123348,0.007311723
0.070175439,0.012147293
0.042699725,0.013548253
0.109616146,0.008533683
0.023735166,0.063989477
0.031808803,0.004237789
0.007466464,0.00426339
0.027011818,0.011335374
0,0.071115013
0.000446846,0.00393415
0.008890607,0.014119061
0.01250539,0.00734269
0.015888779,0.023842639
0.029801325,0.008534244
0.00637631,0.006984441
0.016123122,0.008282986
0.003891051,0.025835439
0.029921795,0.009644508
0.002079002,0.004145774
0,0.004698773
0.012024048,0.002650177
0.0055433,0.004101478
0.001740139,0.008206565
0.007663488,0.006150455
0.007489078,0.008048039
0.010597933,0.002964041
0.032019533,0.004485488
0.010303294,0.00916223
0.004565027,0.003278448
0.020775623,0.00513628
0.002219639,0.004643826
0,0
0.018501304,0.008370434
0.167256472,0.002942693
0.028966616,0.004251724
0.034044485,0.004648542
0.081566069,0.007652508
0.05451489,0.002736659
0.100822155,0.00163228
0.01650165,0.002054835
0.056072079,0.002066974
0.037478705,0.004797114
0.055083909,0.00703349
0.062962963,0.005589545
0.00729927,0.0025194
0.233417722,0.020112838
0.005005005,0.006256146
0.117991224,0
0.107006369,0.00711893
0.116735066,0.009774102
0.001520527,0.005293142
0.056551724,0.018156597
0.092746114,0.005620266
0.054603602,0.000971395
0.039506173,0.000923778
0.212698413,0.002507783
0.081071121,0.001676437
0.028591851,0.007423819
0.093023256,0.006121703
0.15678733,0.002101813
0.176470588,0.006032748
0.012875074,0.001082381
0.036296496,0.000940269
0.041207475,0.00537756
0.022975623,0.003186606
0.00689003,0.006352474
0,0.006352474
0.041100053,0.007067398
0.013670257,0.005334996
0.046570397,0.00252958
0.015710632,0.003014807
0.089411765,0.005247668
0.005300904,0.003163272
0.169129082,0
0.117953488,0.006613791
0.026026026,0.004284329
0.041458406,0.003050385
0,0.003146263
0,0.002337849
0.065117981,0.005346984
0.002805049,0.006237096
0.059914085,0.008924083
0.078359453,0
0.213826367,0.002644538
0.065063213,0.006282699
0.017363251,0.001063108
0.0418,0.003213915
0.148148148,0.007557099
0.060755337,0.003066545
0.023572076,0.005563714
0.166742701,0.004032129
0.126602564,0.005510152
0.05629478,0.000930463
0.107543323,0.003839783
0.062581913,0.003167768
0.07603018,0.007875915
0.091339648,0.008661856
0.086725664,0.007537616
0.001278772,0.003081485
0.092517401,0.003498862
0.020435967,0.00405635
0.071481286,0.001774325
0.024202932,0
0.15035461,0.008431024
0.004031008,0
0.021689029,0.001984972
0.085562731,0.005449247
0.044642857,0.00309806
0.031881804,0.01089278
0.046876933,0.01089278
0.027502443,0.00643349
0.075814398,0.00643349
0.031504425,0.002616787
0.000670747,0.004520971
0.028494886,0.006212537
0.000521241,0.005999267
0.041405477,0.002352277
0.060123784,0.006100812
0.082950935,0.005838381
0.046219194,0.008922257
0.048394636,0
0.076009501,0.018271332
0,0.00476069
0.113535685,0.006167766
0.058550518,0.006679489
0.044601577,0.006177692
0.089324619,0.010025685
0.089754166,0.006414508
0.000960615,0.005396317
0.037157344,0.004670959
0.017339974,0
0.028352164,0
0.029360967,0
0.015009089,0
0.089219331,0
0.024041134,0
0.020033389,0
0.024201854,0
0.016833246,0
0.023809524,0
0.024788732,0
0.017882188,0
0.051343,0
0.023157565,0
0.016127174,0.003813604
0.025245025,0.005423239
0.018259013,0.00617746
0.010517278,0.006043524
0.020139503,0.003816688
0.025777843,0.004404837
0.016072676,0.004997501
0.06038631,0.009203693
0.046578533,0.003813371
0.012943163,0.007113687
0.004016519,0.004457275
0.053872798,0.005380033
0.049264481,0.006486928
0.017445972,0.001918577
0.018826135,0.002667556
0.016584155,0.002921293
0.021919168,0.004468495
0.013471603,0.004566647
0.027760449,0.004025495
0.023713741,0.008482941
0.018879799,0.00456488
0.04778157,0.006202243
0.039039039,0.006196994
0.039227705,0.006700905
0.026400954,0.004890925
0.018268936,0.004881806
0.007284079,0.001322136
0.016228345,0.005253815
0,0.006455607
0.019224034,0.003375977
0.027504857,0.004435554
0.039863131,0.002727819
0.023752619,0.004281927
0,0.00421627
0.006426735,0.00335141
0.016168118,0.004326128
0.012318841,0.001401729
0.031475782,0.006721797
0.018650229,0.006562515
0.047747505,0.008580197
0.02209666,0.005705758
0.02117459,0.003704194
0.01017296,0.007354561
0.01847023,0.002766562
0.034144347,0.003931848
0.022677521,0.003222688
0.017866368,0.003835973
0.012013536,0.003993633
0.018448319,0.006525314
0.016253208,0.004209627
0.024992264,0.004372554
0.017419017,0.008276113
0.012795549,0.005161734
0.034437335,0.006928406
0.01178871,0.002976393
0.013412017,0.004483423
0.04379562,0.005474453
0.021806425,0.006327186
0.026279391,0.013312796
0.022489843,0.002471315
0.0225374,0.002898315
0.01469583,0.006698083
0.020527859,0.002632585
0.009259259,0.003774232
0.012251369,0.004961572
0.017299158,0.004968394
0.026660902,0.005421074
0.041567467,0.011313448
0.023948598,0.00161987
0.021281337,0.004630303
0.008389262,0.002038981
0.015421798,0.007674478
0.031214529,0.008475175
0.019075901,0.004143423
0.030414592,0.005877209
0.035885538,0.009640772
0.057971014,0.006082963
0.013196853,0.010729302
0.036679537,0.004333178
0.033979294,0.005486565
0.030273438,0.004249451
0.020938994,0.004514072
0.005458888,0.004289729
0.011516315,0.004353149
0.013290431,0.001593997
0.020854701,0.003647529
0.014358156,0.003150456
0.012009608,0.003931275
0.025292135,0.009275852
0.005877414,0.003705575
0.044904435,0.006915129
0.013066872,0.005291005
0.019024534,0.001809712
0.026944807,0.009096974
0.023918469,0.008414492
0.007853823,0.004593794
0.017278618,0.002780321
0.015570934,0.003788886
0.031128405,0.006362871
0.022140221,0.006989336
0.024837216,0.004536666
0.013691601,0.003389297
0.025839793,0.004465829
0.074181818,0.005812755
0.025691597,0.00433013
0.005555556,0.004153195
0.215836013,0.005201019
0.063836429,0.004857407
0.091630901,0.008008154
0.050704225,0.007308166
0.04739033,0.004695571
0.08161236,0.006926772
0.208717519,0.005298037
0.076237624,0.007384289
0.075250836,0.004032099
0.090449954,0.007111738
0.002293578,0.007241465
0.069145845,0.006355376
0.096848138,0.00551962
0.062555853,0.006449854
0.120127482,0.004828979
0.029436153,0.004925755
0.02759786,0.005340205
0.092018197,0.005776428
0.080306564,0.004084055
0.048402603,0.005540145
0.004271845,0.006915834
0.056392007,0.004453244
0.05744888,0.007465169
0.01320132,0.009805328
0.022677055,0.004259039
0.03630927,0.003898355
0.10957269,0.00497881
0.089114138,0.008503182
0.036444862,0.00504318
0.053156917,0.007198421
0.034754042,0.003877442
0.048555624,0.006292475
0.027572016,0.006605475
0.018935517,0.006690214
0.070996147,0.006480141
0.034920635,0.006052933
0.073825503,0.003001979
0.160185185,0.004817827
0.13212609,0.004987275
0.042876057,0.004605712
0.103221618,0.004992925
0.039805825,0.005633068
0.066577896,0.001773923
0.034307497,0.006803297
0.123595506,0.006462691
0.031836735,0.006840233
0.124434389,0.003722805
0.03500761,0.003711616
0.073781291,0.00779008
0.037823129,0.005860896
0.057857143,0.013379234
0.055635319,0.004843103
0.059590317,0.003827303
0.044754608,0.004542226
0.047958682,0.003782584
0.030545819,0.004630985
0.021907216,0.007035765
0.012184694,0.00749204
0.055446323,0.008700586
0.050249169,0.006961364
0.021349274,0.004613449
0.065482955,0.007113001
0.020621058,0.0062726
0.018624642,0.008895325
0.038997214,0.008220447
0.009593485,0.005734819
0.016831683,0.00273045
0.056951684,0.010209492
0.027153789,0.005039424
0.035133377,0.006457037
0.036211699,0.005308691
0.047859238,0.008816037
0.027367663,0.002597868
0.040630551,0.004293893
0.051735875,0.007001305
0.020480855,0.002802691
